{"epoch": 84, "denoise_images": {"_type": "image-file", "sha256": "a8b760a1ee284d832c59e56d7dc63fbe0540f139ee8aae6080675a6be2ed7a14", "size": 378863, "path": "media/images/denoise_images_84_a8b760a1ee284d832c59.png", "format": "png", "width": 600, "height": 600}, "noise_loss": 0.060555875301361084, "image_loss": 0.09099844098091125, "_timestamp": 1685155525.31988, "_runtime": 42506.89342093468, "_step": 84}