{"trainable_para": 13642, "_timestamp": 1685190269.730327, "_runtime": 304.8095688819885, "_step": 1, "epoch": 0, "denoise_images": {"_type": "image-file", "sha256": "081796eb6b496b3c796f266abb1548e5803e1ddeb1c810d520335c61db1ce92e", "size": 741309, "path": "media/images/denoise_images_1_081796eb6b496b3c796f.png", "format": "png", "width": 600, "height": 600}, "noise_loss": 0.11522245407104492, "image_loss": 0.22714310884475708, "_wandb": {"runtime": 433}}