{"epoch": 180, "denoise_images": {"_type": "image-file", "sha256": "69f8e51778bf0e38fa8f96a6f9a40f624235f3f342df7cf36ff7a28b621a7eb6", "size": 394461, "path": "media/images/denoise_images_180_69f8e51778bf0e38fa8f.png", "format": "png", "width": 600, "height": 600}, "noise_loss": 0.04224858433008194, "image_loss": 0.14964459836483002, "_timestamp": 1685203574.3410957, "_runtime": 12922.037588596344, "_step": 180}