{"epoch": 68, "denoise_images": {"_type": "image-file", "sha256": "3fe7970f22d7609e12eab689981329524080fec2b3e95e2a4b37c8a1b59fd710", "size": 380936, "path": "media/images/denoise_images_68_3fe7970f22d7609e12ea.png", "format": "png", "width": 600, "height": 600}, "noise_loss": 0.05676047131419182, "image_loss": 0.1492188274860382, "_timestamp": 1685112908.384608, "_runtime": 7901.061526060104, "_step": 68}