{"Model Parameters": 13050, "epoch": 0, "denoise_images": {"_type": "image-file", "sha256": "ab97b5bf52c7e46213469b7d327226f6b8983bfd3ce27db8542e07df4ffacc17", "size": 735921, "path": "media/images/denoise_images_0_ab97b5bf52c7e4621346.png", "format": "png", "width": 600, "height": 600}, "noise_loss": 0.0745134949684143, "image_loss": 0.4927532374858856, "_timestamp": 1685190551.0500016, "_runtime": 142.32253050804138, "_step": 0, "_wandb": {"runtime": 188}}