{"epoch": 0, "denoise_images": {"_type": "image-file", "sha256": "ffea048c0b0d49d37ce3ac498e4a0caa2740269d089e40ebfcb2fe84a7477d93", "size": 14104, "path": "media/images/denoise_images_0_ffea048c0b0d49d37ce3.png", "format": "png", "width": 600, "height": 600}, "noise_loss": 0.058581072837114334, "image_loss": 0.4129374623298645, "_timestamp": 1685003088.8244145, "_runtime": 178.4971055984497, "_step": 0}