{"epoch": 99, "denoise_images": {"_type": "image-file", "sha256": "4073f8d60c7cd50027ce597cae5dd95249d82e140f41a5b3bcfbb187b7dd8364", "size": 18150, "path": "media/images/denoise_images_99_4073f8d60c7cd50027ce.png", "format": "png", "width": 600, "height": 600}, "noise_loss": 0.03673490881919861, "image_loss": 0.09771491587162018, "_timestamp": 1684967344.0300827, "_runtime": 4675.815267801285, "_step": 99, "_wandb": {"runtime": 4675}}