{"epoch": 99, "denoise_images": {"_type": "image-file", "sha256": "48e0aad287df2d952ef13dc8a45f01937c2bb1db50df93a375693f7cacc247d5", "size": 14555, "path": "media/images/denoise_images_99_48e0aad287df2d952ef1.png", "format": "png", "width": 600, "height": 600}, "noise_loss": 0.02629239670932293, "image_loss": 0.16854065656661987, "_timestamp": 1684963175.0762248, "_runtime": 5881.607276916504, "_step": 99, "_wandb": {"runtime": 5881}}