{"epoch": 1, "denoise_images": {"_type": "image-file", "sha256": "0eb8dd239853c41912653ea94e8f5d4727e9f6110b66d664cf087fce48aa4a83", "size": 3362, "path": "media/images/denoise_images_1_0eb8dd239853c4191265.png", "format": "png", "width": 600, "height": 600}, "noise_loss": 0.08605137467384338, "image_loss": 0.1641688495874405, "_timestamp": 1685003551.7061198, "_runtime": 348.3907537460327, "_step": 1}