{"epoch": 0, "denoise_images": {"_type": "image-file", "sha256": "65467cb8d1fe9f71d3a181172d00d0b603224773b684ac126343a9459c65a314", "size": 32895, "path": "media/images/denoise_images_0_65467cb8d1fe9f71d3a1.png", "format": "png", "width": 600, "height": 600}, "noise_loss": 0.08392447233200073, "image_loss": 0.40225547552108765, "_timestamp": 1685091304.6454287, "_runtime": 81.33241367340088, "_step": 0, "_wandb": {"runtime": 95}}