{"epoch": 199, "denoise_images": {"_type": "image-file", "sha256": "1646be2622d75d4e4dc6067650540394a443af0d8eabb63151e6e4094c442161", "size": 334819, "path": "media/images/denoise_images_199_1646be2622d75d4e4dc6.png", "format": "png", "width": 600, "height": 600}, "noise_loss": 0.04155419021844864, "image_loss": 0.10431058704853058, "_timestamp": 1685252460.036029, "_runtime": 36811.561618089676, "_step": 199, "_wandb": {"runtime": 36810}}