{"epoch": 199, "denoise_images": {"_type": "image-file", "sha256": "8e6d9a63258b11940050519a04fa95379a5b89990d26e68f6fbf04c94ed9ae39", "size": 368158, "path": "media/images/denoise_images_199_8e6d9a63258b11940050.png", "format": "png", "width": 600, "height": 600}, "noise_loss": 0.044570084661245346, "image_loss": 0.1351134181022644, "_timestamp": 1685238282.9133859, "_runtime": 30782.089671850204, "_step": 199, "_wandb": {"runtime": 30781}}