{"epoch": 24, "denoise_images": {"_type": "image-file", "sha256": "d92637f193f78ba013f31c47dd85d5ca52dc26d23d9fdd1952a10cc9ac161fa6", "size": 39906, "path": "media/images/denoise_images_24_d92637f193f78ba013f3.png", "format": "png", "width": 600, "height": 600}, "noise_loss": 0.06670847535133362, "image_loss": 0.15687322616577148, "_timestamp": 1685098248.9911416, "_runtime": 1419.6029605865479, "_step": 24, "_wandb": {"runtime": 1465}}