{"epoch": 39, "denoise_images": {"_type": "image-file", "sha256": "1110adbfed5f6bd6a41d6fe2e70ef7fe95d927e6d5fdb3af39712c9321a5b5b5", "size": 3586, "path": "media/images/denoise_images_39_1110adbfed5f6bd6a41d.png", "format": "png", "width": 600, "height": 600}, "noise_loss": 173.69927978515625, "image_loss": 2181.67236328125, "_timestamp": 1684955517.1487625, "_runtime": 8497.088148355484, "_step": 39}