{"epoch": 15, "denoise_images": {"_type": "image-file", "sha256": "27dab3ed02d99f8c2341ceea4880e2c5284dc942e698db9e96842199527e945d", "size": 22116, "path": "media/images/denoise_images_15_27dab3ed02d99f8c2341.png", "format": "png", "width": 600, "height": 600}, "noise_loss": 0.04020164906978607, "image_loss": 0.24578121304512024, "_timestamp": 1685023807.7564073, "_runtime": 1123.2533552646637, "_step": 15}