{"epoch": 315, "denoise_images": {"_type": "image-file", "sha256": "1139d366f6819c3adcdf4c9389f1d5da43f705777dec87164f8394d31c10e284", "size": 323965, "path": "media/images/denoise_images_315_1139d366f6819c3adcdf.png", "format": "png", "width": 600, "height": 600}, "noise_loss": 0.037101615220308304, "image_loss": 0.09867054224014282, "_timestamp": 1685392808.3708682, "_runtime": 43175.13979721069, "_step": 315}