{"epoch": 14, "denoise_images": {"_type": "image-file", "sha256": "c834fbf2a88f62b7cb320968cd7407b2a6ce3d256e6edae6c84ba1d58334901a", "size": 19965, "path": "media/images/denoise_images_14_c834fbf2a88f62b7cb32.png", "format": "png", "width": 600, "height": 600}, "noise_loss": 0.04685765504837036, "image_loss": 0.10835796594619751, "_timestamp": 1685002484.0339189, "_runtime": 1068.079577922821, "_step": 14, "_wandb": {"runtime": 1106}}