{"epoch": 99, "denoise_images": {"_type": "image-file", "sha256": "e52f18cc570b4b53d312520aaae4f9180dad09d88c96202245bb3d196a67466a", "size": 20659, "path": "media/images/denoise_images_99_e52f18cc570b4b53d312.png", "format": "png", "width": 600, "height": 600}, "noise_loss": 0.03361004963517189, "image_loss": 0.12681880593299866, "_timestamp": 1685031282.6301575, "_runtime": 7127.783325433731, "_step": 99, "_wandb": {"runtime": 7126}}