{"epoch": 70, "denoise_images": {"_type": "image-file", "sha256": "e45925c2849cc801960811a5e9937434c9d32096a48592e1cac1f06071dc6cf2", "size": 22117, "path": "media/images/denoise_images_70_e45925c2849cc8019608.png", "format": "png", "width": 600, "height": 600}, "noise_loss": 0.026390651240944862, "image_loss": 0.20797143876552582, "_timestamp": 1685013199.9941983, "_runtime": 9430.915434360504, "_step": 70}