{"epoch": 33, "denoise_images": {"_type": "image-file", "sha256": "6a1b73d02b2485a03252e363e43b8f6ce5d0965a71e3da21661b6deec4cbdc73", "size": 22423, "path": "media/images/denoise_images_33_6a1b73d02b2485a03252.png", "format": "png", "width": 600, "height": 600}, "noise_loss": 0.04464750736951828, "image_loss": 0.1380825936794281, "_timestamp": 1684962657.5953531, "_runtime": 1560.992985010147, "_step": 33, "_wandb": {"runtime": 1565}}