{"epoch": 0, "denoise_images": {"_type": "image-file", "sha256": "1061cdb67139bcd687d835ca23a2d225a56d7674edc99ab680d976fdb29d2be9", "size": 35615, "path": "media/images/denoise_images_0_1061cdb67139bcd687d8.png", "format": "png", "width": 600, "height": 600}, "noise_loss": 0.053738437592983246, "image_loss": 0.16214215755462646, "_timestamp": 1684940156.859392, "_runtime": 270.24310088157654, "_step": 0, "_wandb": {"runtime": 299}}