{"epoch": 12, "denoise_images": {"_type": "image-file", "sha256": "c04657664626b6467d7a9a12717fede79212f41eee6056434ef74bb9c35a4c14", "size": 42392, "path": "media/images/denoise_images_12_c04657664626b6467d7a.png", "format": "png", "width": 600, "height": 600}, "noise_loss": 0.06700923293828964, "image_loss": 0.19973520934581757, "_timestamp": 1685090945.751209, "_runtime": 965.4136900901794, "_step": 12, "_wandb": {"runtime": 1010}}