{"epoch": 199, "denoise_images": {"_type": "image-file", "sha256": "66a571c513a20c803c2a8422b54480c9fd8f01bd81d795a1279f0d32ffee83c3", "size": 371145, "path": "media/images/denoise_images_199_66a571c513a20c803c2a.png", "format": "png", "width": 600, "height": 600}, "noise_loss": 0.0425136536359787, "image_loss": 0.12509183585643768, "_timestamp": 1685251549.9166257, "_runtime": 36158.83217263222, "_step": 199, "_wandb": {"runtime": 36158}}