{"epoch": 0, "denoise_images": {"_type": "image-file", "sha256": "9ab580572dbc4fb0bc8e7579cc11e9f07127c089853a344f7f781807a3bd4dfa", "size": 741650, "path": "media/images/denoise_images_0_9ab580572dbc4fb0bc8e.png", "format": "png", "width": 600, "height": 600}, "noise_loss": 0.07151944190263748, "image_loss": 0.4152778089046478, "_timestamp": 1685112872.3745987, "_runtime": 215.09811973571777, "_step": 0, "_wandb": {"runtime": 227}}