{"epoch": 3, "denoise_images": {"_type": "image-file", "sha256": "dec79832b6ad29487f84bca663a4fee72b2b8b664d6c98e8dfb08dd11a7af332", "size": 27566, "path": "media/images/denoise_images_3_dec79832b6ad29487f84.png", "format": "png", "width": 600, "height": 600}, "noise_loss": 0.046024661511182785, "image_loss": 0.2593335509300232, "_timestamp": 1685021937.1799643, "_runtime": 306.1936812400818, "_step": 3, "_wandb": {"runtime": 314}}