{"epoch": 1, "denoise_images": {"_type": "image-file", "sha256": "740b5dd401bf379b62fb835fb4fa8e218f68f702f08a78546acbd270ac113c3b", "size": 746775, "path": "media/images/denoise_images_1_740b5dd401bf379b62fb.png", "format": "png", "width": 600, "height": 600}, "noise_loss": 0.07216759771108627, "image_loss": 0.36510705947875977, "_timestamp": 1685207444.1381798, "_runtime": 251.0944356918335, "_step": 1, "_wandb": {"runtime": 279}}