{"epoch": 46, "denoise_images": {"_type": "image-file", "sha256": "542e7d67905427082c1d77b821051298f438c85868bcd0c6a419c3ab4a5f94b2", "size": 381980, "path": "media/images/denoise_images_46_542e7d67905427082c1d.png", "format": "png", "width": 600, "height": 600}, "noise_loss": 0.054254334419965744, "image_loss": 0.1296069622039795, "_timestamp": 1685113071.0628116, "_runtime": 7429.050990581512, "_step": 46}