{"epoch": 5, "denoise_images": {"_type": "image-file", "sha256": "a587108ac4521750ea865a1c2a2df035339af5d03529ba1fdaaa20f7141502a2", "size": 19157, "path": "media/images/denoise_images_5_a587108ac4521750ea86.png", "format": "png", "width": 600, "height": 600}, "noise_loss": 0.054089367389678955, "image_loss": 0.12156992405653, "_timestamp": 1684935558.6976771, "_runtime": 430.7010910511017, "_step": 5, "_wandb": {"runtime": 472}}