{"epoch": 22, "denoise_images": {"_type": "image-file", "sha256": "0bc60c6ced377f9dcb4e6491b814db608ea616685d83fde706813a0238959006", "size": 415585, "path": "media/images/denoise_images_22_0bc60c6ced377f9dcb4e.png", "format": "png", "width": 600, "height": 600}, "noise_loss": 0.04605606943368912, "image_loss": 0.1241644024848938, "_timestamp": 1685349512.8237317, "_runtime": 1656.9927496910095, "_step": 22, "_wandb": {"runtime": 1697}}