{"epoch": 46, "denoise_images": {"_type": "image-file", "sha256": "53a91d19737308f99ae417060eaaea05182c6e25eaf3d860c81e2723d7207286", "size": 16763, "path": "media/images/denoise_images_46_53a91d19737308f99ae4.png", "format": "png", "width": 600, "height": 600}, "noise_loss": 0.026783913373947144, "image_loss": 0.08514617383480072, "_timestamp": 1684960443.792129, "_runtime": 4540.512002944946, "_step": 46, "_wandb": {"runtime": 4566}}