{"epoch": 199, "denoise_images": {"_type": "image-file", "sha256": "5d8993ea18960568fbdc18cef50c773c4a023862eebc94721e138859893c5c90", "size": 363962, "path": "media/images/denoise_images_199_5d8993ea18960568fbdc.png", "format": "png", "width": 600, "height": 600}, "noise_loss": 0.04988042637705803, "image_loss": 0.15072470903396606, "_timestamp": 1685217798.8545299, "_runtime": 23522.130901813507, "_step": 199, "_wandb": {"runtime": 23521}}