{"epoch": 2, "denoise_images": {"_type": "image-file", "sha256": "c2c906cdbfe00abbb73ccc07b032e154c2984825668ab6455c0e66d64b6930a9", "size": 3142, "path": "media/images/denoise_images_2_c2c906cdbfe00abbb73c.png", "format": "png", "width": 600, "height": 600}, "noise_loss": 0.05275096744298935, "image_loss": 0.14470386505126953, "_timestamp": 1685002831.5391614, "_runtime": 363.22643542289734, "_step": 2, "_wandb": {"runtime": 412}}