{"epoch": 54, "denoise_images": {"_type": "image-file", "sha256": "735def87e7cb6ff0c5361d4c77c0babfc1f8936d06d45250393c67e0da2f3082", "size": 10354, "path": "media/images/denoise_images_54_735def87e7cb6ff0c536.png", "format": "png", "width": 600, "height": 600}, "noise_loss": 0.032281383872032166, "image_loss": 0.08605041354894638, "_timestamp": 1684939887.1032724, "_runtime": 4274.996175527573, "_step": 54, "_wandb": {"runtime": 4332}}