{"epoch": 37, "denoise_images": {"_type": "image-file", "sha256": "99bf50071801e9af7c5d105924f7bede17cfe250ea45876e1d14d7bc5befb99d", "size": 10143, "path": "media/images/denoise_images_37_99bf50071801e9af7c5d.png", "format": "png", "width": 600, "height": 600}, "noise_loss": 328.97125244140625, "image_loss": 1127.2481689453125, "_timestamp": 1684955571.2888823, "_runtime": 5099.527008295059, "_step": 37}